{
  "quick_access_colors": [
    [
      0.6666666865348816,
      0.0,
      0.0,
      1.0
    ],
    [
      0.0,
      0.0,
      0.49803921580314636,
      1.0
    ],
    [
      0.0,
      0.49803921580314636,
      0.0,
      1.0
    ]
  ],
  "grid_snap_enabled": true,
  "grid_visible_on_snap": true,
  "grid_show_for_line_tool_only": false,
  "grid_apply_to_all_pages": true,
  "grid_thick_line_interval": 5,
  "grid_thin_color": [
    0.0,
    0.0,
    0.49803921580314636,
    0.0784313725490196
  ],
  "grid_thick_color": [
    0.6666666865348816,
    0.0,
    0.0,
    0.1568627450980392
  ],
  "grid_thin_width": 1.0,
  "grid_thick_width": 1.0,
  "recent_files": [
    "C:/Users/gilan/Desktop/Dijital M\u00fcrekkep/\u00e7evre_ekonomisi_notlar\u0131.dnd",
    "C:/Users/gilan/Desktop/programlama/draw_new_rules/deneme.dnd"
  ],
  "window_width": 1280,
  "window_height": 729,
  "pen_width": 6,
  "eraser_width": 10,
  "fill_color": [
    0.6666666865348816,
    0.3333333432674408,
    0.0,
    0.43137254901960786
  ],
  "template_settings": {
    "template_type_name": "LINED",
    "line_spacing_pt": 30,
    "grid_spacing_pt": 20,
    "line_color": [
      0.30588236451148987,
      0.30588236451148987,
      0.49803921580314636,
      0.7843137383460999
    ],
    "grid_color": [
      0.0,
      0.3333333432674408,
      0.0,
      0.03921568766236305
    ],
    "pdf_export_image_dpi": 150,
    "default_page_orientation": "landscape"
  },
  "laser_pointer_color": "#ffff0000",
  "laser_pointer_size": 20,
  "temp_pointer_color": "#ffaa0000",
  "temp_pointer_width": 2.5,
  "temp_pointer_duration": 0.5,
  "temp_glow_width_factor": 0.8,
  "temp_core_width_factor": 0.5,
  "temp_glow_alpha_factor": 0.51,
  "temp_core_alpha_factor": 0.51
}